feature,cluster,label
s_1_feature.mat,s_1_cluster_index.mat,2
s_2_feature.mat,s_2_cluster_index.mat,2
s_3_feature.mat,s_3_cluster_index.mat,2
s_5_feature.mat,s_5_cluster_index.mat,2
s_7_feature.mat,s_7_cluster_index.mat,1
s_8_feature.mat,s_8_cluster_index.mat,2
s_9_feature.mat,s_9_cluster_index.mat,1
s_10_feature.mat,s_10_cluster_index.mat,2
s_11_feature.mat,s_11_cluster_index.mat,1
s_12_feature.mat,s_12_cluster_index.mat,1
s_13_feature.mat,s_13_cluster_index.mat,2
s_14_feature.mat,s_14_cluster_index.mat,1
s_15_feature.mat,s_15_cluster_index.mat,1
s_16_feature.mat,s_16_cluster_index.mat,1
s_17_feature.mat,s_17_cluster_index.mat,1
s_18_feature.mat,s_18_cluster_index.mat,1
s_19_feature.mat,s_19_cluster_index.mat,1
s_20_feature.mat,s_20_cluster_index.mat,1
s_21_feature.mat,s_21_cluster_index.mat,1
s_22_feature.mat,s_22_cluster_index.mat,1
s_23_feature.mat,s_23_cluster_index.mat,1
s_24_feature.mat,s_24_cluster_index.mat,2
s_25_feature.mat,s_25_cluster_index.mat,1
s_26_feature.mat,s_26_cluster_index.mat,1
s_27_feature.mat,s_27_cluster_index.mat,2
s_28_feature.mat,s_28_cluster_index.mat,2
s_29_feature.mat,s_29_cluster_index.mat,2
s_30_feature.mat,s_30_cluster_index.mat,2
s_31_feature.mat,s_31_cluster_index.mat,1
s_32_feature.mat,s_32_cluster_index.mat,1
s_33_feature.mat,s_33_cluster_index.mat,2
s_34_feature.mat,s_34_cluster_index.mat,2
s_35_feature.mat,s_35_cluster_index.mat,2
s_36_feature.mat,s_36_cluster_index.mat,2
s_37_feature.mat,s_37_cluster_index.mat,1
s_38_feature.mat,s_38_cluster_index.mat,2
s_39_feature.mat,s_39_cluster_index.mat,1
s_40_feature.mat,s_40_cluster_index.mat,2
s_41_feature.mat,s_41_cluster_index.mat,2
s_42_feature.mat,s_42_cluster_index.mat,1
s_43_feature.mat,s_43_cluster_index.mat,1
s_44_feature.mat,s_44_cluster_index.mat,2
s_45_feature.mat,s_45_cluster_index.mat,2
s_46_feature.mat,s_46_cluster_index.mat,1
s_47_feature.mat,s_47_cluster_index.mat,1
s_48_feature.mat,s_48_cluster_index.mat,2
s_49_feature.mat,s_49_cluster_index.mat,1
s_50_feature.mat,s_50_cluster_index.mat,1
s_51_feature.mat,s_51_cluster_index.mat,1
s_52_feature.mat,s_52_cluster_index.mat,2
s_53_feature.mat,s_53_cluster_index.mat,2
s_54_feature.mat,s_54_cluster_index.mat,2
s_55_feature.mat,s_55_cluster_index.mat,2
s_56_feature.mat,s_56_cluster_index.mat,2
s_57_feature.mat,s_57_cluster_index.mat,1
s_58_feature.mat,s_58_cluster_index.mat,1
s_59_feature.mat,s_59_cluster_index.mat,2
s_60_feature.mat,s_60_cluster_index.mat,2
s_61_feature.mat,s_61_cluster_index.mat,1
s_62_feature.mat,s_62_cluster_index.mat,1
s_63_feature.mat,s_63_cluster_index.mat,1
s_64_feature.mat,s_64_cluster_index.mat,2
s_65_feature.mat,s_65_cluster_index.mat,1
s_66_feature.mat,s_66_cluster_index.mat,1
s_67_feature.mat,s_67_cluster_index.mat,1
s_68_feature.mat,s_68_cluster_index.mat,1
s_69_feature.mat,s_69_cluster_index.mat,2
s_70_feature.mat,s_70_cluster_index.mat,1
s_71_feature.mat,s_71_cluster_index.mat,2
s_72_feature.mat,s_72_cluster_index.mat,2
s_73_feature.mat,s_73_cluster_index.mat,2
s_74_feature.mat,s_74_cluster_index.mat,2
s_75_feature.mat,s_75_cluster_index.mat,2
s_76_feature.mat,s_76_cluster_index.mat,1
s_77_feature.mat,s_77_cluster_index.mat,2
s_78_feature.mat,s_78_cluster_index.mat,2
s_79_feature.mat,s_79_cluster_index.mat,2
s_80_feature.mat,s_80_cluster_index.mat,2
s_81_feature.mat,s_81_cluster_index.mat,2
s_82_feature.mat,s_82_cluster_index.mat,1
s_83_feature.mat,s_83_cluster_index.mat,1
s_84_feature.mat,s_84_cluster_index.mat,1
s_85_feature.mat,s_85_cluster_index.mat,1
s_86_feature.mat,s_86_cluster_index.mat,1
s_87_feature.mat,s_87_cluster_index.mat,2
s_88_feature.mat,s_88_cluster_index.mat,1
s_89_feature.mat,s_89_cluster_index.mat,2
s_90_feature.mat,s_90_cluster_index.mat,1
s_91_feature.mat,s_91_cluster_index.mat,1
s_92_feature.mat,s_92_cluster_index.mat,2
s_93_feature.mat,s_93_cluster_index.mat,2
s_94_feature.mat,s_94_cluster_index.mat,2
s_95_feature.mat,s_95_cluster_index.mat,1
s_96_feature.mat,s_96_cluster_index.mat,1
s_97_feature.mat,s_97_cluster_index.mat,1
s_98_feature.mat,s_98_cluster_index.mat,2
s_99_feature.mat,s_99_cluster_index.mat,2
s_100_feature.mat,s_100_cluster_index.mat,1
s_101_feature.mat,s_101_cluster_index.mat,1
s_102_feature.mat,s_102_cluster_index.mat,2
s_103_feature.mat,s_103_cluster_index.mat,1
s_104_feature.mat,s_104_cluster_index.mat,1
s_105_feature.mat,s_105_cluster_index.mat,1
s_106_feature.mat,s_106_cluster_index.mat,2
s_107_feature.mat,s_107_cluster_index.mat,1
s_108_feature.mat,s_108_cluster_index.mat,2
s_109_feature.mat,s_109_cluster_index.mat,1
s_110_feature.mat,s_110_cluster_index.mat,2
s_111_feature.mat,s_111_cluster_index.mat,2
s_112_feature.mat,s_112_cluster_index.mat,1
s_113_feature.mat,s_113_cluster_index.mat,2
s_114_feature.mat,s_114_cluster_index.mat,1
s_115_feature.mat,s_115_cluster_index.mat,2
s_116_feature.mat,s_116_cluster_index.mat,2
s_117_feature.mat,s_117_cluster_index.mat,2
s_118_feature.mat,s_118_cluster_index.mat,1
s_119_feature.mat,s_119_cluster_index.mat,1
s_120_feature.mat,s_120_cluster_index.mat,1
s_121_feature.mat,s_121_cluster_index.mat,2
s_122_feature.mat,s_122_cluster_index.mat,1
s_123_feature.mat,s_123_cluster_index.mat,2
s_124_feature.mat,s_124_cluster_index.mat,1
s_125_feature.mat,s_125_cluster_index.mat,1
s_126_feature.mat,s_126_cluster_index.mat,2
s_127_feature.mat,s_127_cluster_index.mat,2
s_128_feature.mat,s_128_cluster_index.mat,1
s_129_feature.mat,s_129_cluster_index.mat,2
s_130_feature.mat,s_130_cluster_index.mat,1
s_131_feature.mat,s_131_cluster_index.mat,2
s_132_feature.mat,s_132_cluster_index.mat,2
s_133_feature.mat,s_133_cluster_index.mat,1
s_134_feature.mat,s_134_cluster_index.mat,2
s_135_feature.mat,s_135_cluster_index.mat,1
s_136_feature.mat,s_136_cluster_index.mat,1
s_137_feature.mat,s_137_cluster_index.mat,1
s_138_feature.mat,s_138_cluster_index.mat,1
s_139_feature.mat,s_139_cluster_index.mat,1
s_140_feature.mat,s_140_cluster_index.mat,2
s_141_feature.mat,s_141_cluster_index.mat,2
s_142_feature.mat,s_142_cluster_index.mat,2
s_143_feature.mat,s_143_cluster_index.mat,1
s_144_feature.mat,s_144_cluster_index.mat,1
s_145_feature.mat,s_145_cluster_index.mat,2
s_146_feature.mat,s_146_cluster_index.mat,1
s_147_feature.mat,s_147_cluster_index.mat,1
s_148_feature.mat,s_148_cluster_index.mat,1
s_149_feature.mat,s_149_cluster_index.mat,1
s_150_feature.mat,s_150_cluster_index.mat,2
s_151_feature.mat,s_151_cluster_index.mat,1
s_152_feature.mat,s_152_cluster_index.mat,1
s_153_feature.mat,s_153_cluster_index.mat,2
s_154_feature.mat,s_154_cluster_index.mat,1
s_155_feature.mat,s_155_cluster_index.mat,1
s_156_feature.mat,s_156_cluster_index.mat,1
s_157_feature.mat,s_157_cluster_index.mat,1
s_158_feature.mat,s_158_cluster_index.mat,1
s_159_feature.mat,s_159_cluster_index.mat,1
s_160_feature.mat,s_160_cluster_index.mat,1
s_161_feature.mat,s_161_cluster_index.mat,2
s_162_feature.mat,s_162_cluster_index.mat,2
s_163_feature.mat,s_163_cluster_index.mat,1
s_164_feature.mat,s_164_cluster_index.mat,1
s_165_feature.mat,s_165_cluster_index.mat,1
s_166_feature.mat,s_166_cluster_index.mat,1
s_167_feature.mat,s_167_cluster_index.mat,2
s_168_feature.mat,s_168_cluster_index.mat,2
s_169_feature.mat,s_169_cluster_index.mat,2
s_170_feature.mat,s_170_cluster_index.mat,2
s_171_feature.mat,s_171_cluster_index.mat,1
s_172_feature.mat,s_172_cluster_index.mat,1
s_174_feature.mat,s_174_cluster_index.mat,2
s_176_feature.mat,s_176_cluster_index.mat,2
s_177_feature.mat,s_177_cluster_index.mat,1
s_178_feature.mat,s_178_cluster_index.mat,2
s_179_feature.mat,s_179_cluster_index.mat,2
s_180_feature.mat,s_180_cluster_index.mat,1
s_181_feature.mat,s_181_cluster_index.mat,2
s_182_feature.mat,s_182_cluster_index.mat,2
s_183_feature.mat,s_183_cluster_index.mat,2
s_184_feature.mat,s_184_cluster_index.mat,2
s_185_feature.mat,s_185_cluster_index.mat,1
s_186_feature.mat,s_186_cluster_index.mat,1
s_187_feature.mat,s_187_cluster_index.mat,2
s_188_feature.mat,s_188_cluster_index.mat,2
s_189_feature.mat,s_189_cluster_index.mat,1
s_190_feature.mat,s_190_cluster_index.mat,2
s_191_feature.mat,s_191_cluster_index.mat,2
s_192_feature.mat,s_192_cluster_index.mat,2
s_193_feature.mat,s_193_cluster_index.mat,2
s_194_feature.mat,s_194_cluster_index.mat,1
s_195_feature.mat,s_195_cluster_index.mat,1
s_196_feature.mat,s_196_cluster_index.mat,1
s_197_feature.mat,s_197_cluster_index.mat,1
s_198_feature.mat,s_198_cluster_index.mat,2
s_199_feature.mat,s_199_cluster_index.mat,2
s_200_feature.mat,s_200_cluster_index.mat,2
s_201_feature.mat,s_201_cluster_index.mat,2
s_202_feature.mat,s_202_cluster_index.mat,2
s_203_feature.mat,s_203_cluster_index.mat,2
s_204_feature.mat,s_204_cluster_index.mat,2
s_205_feature.mat,s_205_cluster_index.mat,1
s_206_feature.mat,s_206_cluster_index.mat,1
s_207_feature.mat,s_207_cluster_index.mat,2
s_208_feature.mat,s_208_cluster_index.mat,2
s_209_feature.mat,s_209_cluster_index.mat,2
s_210_feature.mat,s_210_cluster_index.mat,2
s_212_feature.mat,s_212_cluster_index.mat,2
s_213_feature.mat,s_213_cluster_index.mat,2
s_214_feature.mat,s_214_cluster_index.mat,1
s_215_feature.mat,s_215_cluster_index.mat,2
s_216_feature.mat,s_216_cluster_index.mat,1
s_217_feature.mat,s_217_cluster_index.mat,1
s_218_feature.mat,s_218_cluster_index.mat,2
s_219_feature.mat,s_219_cluster_index.mat,2
s_220_feature.mat,s_220_cluster_index.mat,2
s_221_feature.mat,s_221_cluster_index.mat,1
s_222_feature.mat,s_222_cluster_index.mat,2
s_223_feature.mat,s_223_cluster_index.mat,2
s_224_feature.mat,s_224_cluster_index.mat,2
s_225_feature.mat,s_225_cluster_index.mat,1
s_226_feature.mat,s_226_cluster_index.mat,1
s_227_feature.mat,s_227_cluster_index.mat,1
s_228_feature.mat,s_228_cluster_index.mat,2
s_229_feature.mat,s_229_cluster_index.mat,1
s_230_feature.mat,s_230_cluster_index.mat,1
s_231_feature.mat,s_231_cluster_index.mat,1
s_233_feature.mat,s_233_cluster_index.mat,1
s_234_feature.mat,s_234_cluster_index.mat,2
s_235_feature.mat,s_235_cluster_index.mat,2
s_236_feature.mat,s_236_cluster_index.mat,2
s_237_feature.mat,s_237_cluster_index.mat,1
s_238_feature.mat,s_238_cluster_index.mat,1
s_239_feature.mat,s_239_cluster_index.mat,2
s_240_feature.mat,s_240_cluster_index.mat,1
s_241_feature.mat,s_241_cluster_index.mat,2
s_242_feature.mat,s_242_cluster_index.mat,2
s_243_feature.mat,s_243_cluster_index.mat,1
s_244_feature.mat,s_244_cluster_index.mat,1
s_245_feature.mat,s_245_cluster_index.mat,2
s_246_feature.mat,s_246_cluster_index.mat,2
s_247_feature.mat,s_247_cluster_index.mat,2
s_248_feature.mat,s_248_cluster_index.mat,2
s_249_feature.mat,s_249_cluster_index.mat,2
s_250_feature.mat,s_250_cluster_index.mat,2
s_251_feature.mat,s_251_cluster_index.mat,2
s_252_feature.mat,s_252_cluster_index.mat,1
s_253_feature.mat,s_253_cluster_index.mat,1
s_254_feature.mat,s_254_cluster_index.mat,2
s_255_feature.mat,s_255_cluster_index.mat,2
s_256_feature.mat,s_256_cluster_index.mat,1
s_257_feature.mat,s_257_cluster_index.mat,1
s_258_feature.mat,s_258_cluster_index.mat,2
s_259_feature.mat,s_259_cluster_index.mat,1
s_260_feature.mat,s_260_cluster_index.mat,1
s_261_feature.mat,s_261_cluster_index.mat,2
s_262_feature.mat,s_262_cluster_index.mat,2
s_263_feature.mat,s_263_cluster_index.mat,1
s_264_feature.mat,s_264_cluster_index.mat,1
s_265_feature.mat,s_265_cluster_index.mat,1
s_266_feature.mat,s_266_cluster_index.mat,2
s_267_feature.mat,s_267_cluster_index.mat,2
s_268_feature.mat,s_268_cluster_index.mat,2
s_269_feature.mat,s_269_cluster_index.mat,1
s_270_feature.mat,s_270_cluster_index.mat,2
s_271_feature.mat,s_271_cluster_index.mat,2
s_272_feature.mat,s_272_cluster_index.mat,1
s_273_feature.mat,s_273_cluster_index.mat,1
s_274_feature.mat,s_274_cluster_index.mat,2
s_275_feature.mat,s_275_cluster_index.mat,2
s_276_feature.mat,s_276_cluster_index.mat,2
s_277_feature.mat,s_277_cluster_index.mat,2
s_278_feature.mat,s_278_cluster_index.mat,2
s_279_feature.mat,s_279_cluster_index.mat,1
s_280_feature.mat,s_280_cluster_index.mat,2
s_281_feature.mat,s_281_cluster_index.mat,2
s_282_feature.mat,s_282_cluster_index.mat,1
s_283_feature.mat,s_283_cluster_index.mat,1
s_284_feature.mat,s_284_cluster_index.mat,1
s_285_feature.mat,s_285_cluster_index.mat,2
s_286_feature.mat,s_286_cluster_index.mat,1
s_287_feature.mat,s_287_cluster_index.mat,1
s_288_feature.mat,s_288_cluster_index.mat,2
s_289_feature.mat,s_289_cluster_index.mat,1
s_290_feature.mat,s_290_cluster_index.mat,2
s_291_feature.mat,s_291_cluster_index.mat,2
s_292_feature.mat,s_292_cluster_index.mat,2
s_294_feature.mat,s_294_cluster_index.mat,2
s_295_feature.mat,s_295_cluster_index.mat,2
s_296_feature.mat,s_296_cluster_index.mat,2
s_297_feature.mat,s_297_cluster_index.mat,1
s_298_feature.mat,s_298_cluster_index.mat,2
s_299_feature.mat,s_299_cluster_index.mat,2
s_300_feature.mat,s_300_cluster_index.mat,2
s_301_feature.mat,s_301_cluster_index.mat,1
s_302_feature.mat,s_302_cluster_index.mat,1
s_303_feature.mat,s_303_cluster_index.mat,2
s_304_feature.mat,s_304_cluster_index.mat,1
s_305_feature.mat,s_305_cluster_index.mat,1
s_306_feature.mat,s_306_cluster_index.mat,2
s_307_feature.mat,s_307_cluster_index.mat,1
s_308_feature.mat,s_308_cluster_index.mat,1
s_309_feature.mat,s_309_cluster_index.mat,1
s_310_feature.mat,s_310_cluster_index.mat,1
s_311_feature.mat,s_311_cluster_index.mat,1
s_312_feature.mat,s_312_cluster_index.mat,1
s_313_feature.mat,s_313_cluster_index.mat,2
s_314_feature.mat,s_314_cluster_index.mat,1
s_315_feature.mat,s_315_cluster_index.mat,2
s_316_feature.mat,s_316_cluster_index.mat,1
s_317_feature.mat,s_317_cluster_index.mat,1
s_318_feature.mat,s_318_cluster_index.mat,1
s_320_feature.mat,s_320_cluster_index.mat,2
s_321_feature.mat,s_321_cluster_index.mat,2
s_322_feature.mat,s_322_cluster_index.mat,1
s_323_feature.mat,s_323_cluster_index.mat,1
s_324_feature.mat,s_324_cluster_index.mat,2
s_325_feature.mat,s_325_cluster_index.mat,1
s_326_feature.mat,s_326_cluster_index.mat,1
s_327_feature.mat,s_327_cluster_index.mat,2
s_328_feature.mat,s_328_cluster_index.mat,2
s_329_feature.mat,s_329_cluster_index.mat,1
s_330_feature.mat,s_330_cluster_index.mat,2
s_331_feature.mat,s_331_cluster_index.mat,1
s_332_feature.mat,s_332_cluster_index.mat,2
s_333_feature.mat,s_333_cluster_index.mat,2
s_334_feature.mat,s_334_cluster_index.mat,1
s_335_feature.mat,s_335_cluster_index.mat,2
s_336_feature.mat,s_336_cluster_index.mat,2
s_337_feature.mat,s_337_cluster_index.mat,1
s_338_feature.mat,s_338_cluster_index.mat,1
s_339_feature.mat,s_339_cluster_index.mat,2
s_340_feature.mat,s_340_cluster_index.mat,1
s_341_feature.mat,s_341_cluster_index.mat,1
s_342_feature.mat,s_342_cluster_index.mat,1
s_343_feature.mat,s_343_cluster_index.mat,2
s_345_feature.mat,s_345_cluster_index.mat,1
s_346_feature.mat,s_346_cluster_index.mat,2
s_347_feature.mat,s_347_cluster_index.mat,2
s_348_feature.mat,s_348_cluster_index.mat,2
s_349_feature.mat,s_349_cluster_index.mat,1
s_350_feature.mat,s_350_cluster_index.mat,2
s_351_feature.mat,s_351_cluster_index.mat,2
s_352_feature.mat,s_352_cluster_index.mat,1
s_353_feature.mat,s_353_cluster_index.mat,1
s_354_feature.mat,s_354_cluster_index.mat,2
s_355_feature.mat,s_355_cluster_index.mat,1
s_356_feature.mat,s_356_cluster_index.mat,1
s_357_feature.mat,s_357_cluster_index.mat,2
s_358_feature.mat,s_358_cluster_index.mat,1
s_359_feature.mat,s_359_cluster_index.mat,2
s_360_feature.mat,s_360_cluster_index.mat,1
s_361_feature.mat,s_361_cluster_index.mat,2
s_362_feature.mat,s_362_cluster_index.mat,1
s_363_feature.mat,s_363_cluster_index.mat,2
s_364_feature.mat,s_364_cluster_index.mat,1
s_365_feature.mat,s_365_cluster_index.mat,1
s_366_feature.mat,s_366_cluster_index.mat,2
s_367_feature.mat,s_367_cluster_index.mat,1
s_368_feature.mat,s_368_cluster_index.mat,1
s_369_feature.mat,s_369_cluster_index.mat,1
s_370_feature.mat,s_370_cluster_index.mat,2
s_371_feature.mat,s_371_cluster_index.mat,2
s_372_feature.mat,s_372_cluster_index.mat,1
s_373_feature.mat,s_373_cluster_index.mat,1
s_374_feature.mat,s_374_cluster_index.mat,1
s_375_feature.mat,s_375_cluster_index.mat,1
s_376_feature.mat,s_376_cluster_index.mat,1
s_377_feature.mat,s_377_cluster_index.mat,1
s_379_feature.mat,s_379_cluster_index.mat,2
s_380_feature.mat,s_380_cluster_index.mat,2
s_382_feature.mat,s_382_cluster_index.mat,2
s_383_feature.mat,s_383_cluster_index.mat,1
s_384_feature.mat,s_384_cluster_index.mat,1
s_385_feature.mat,s_385_cluster_index.mat,1
s_386_feature.mat,s_386_cluster_index.mat,1
s_387_feature.mat,s_387_cluster_index.mat,2
s_388_feature.mat,s_388_cluster_index.mat,1
s_389_feature.mat,s_389_cluster_index.mat,1
s_390_feature.mat,s_390_cluster_index.mat,1
s_392_feature.mat,s_392_cluster_index.mat,2
s_393_feature.mat,s_393_cluster_index.mat,2
s_394_feature.mat,s_394_cluster_index.mat,1
s_395_feature.mat,s_395_cluster_index.mat,1
s_396_feature.mat,s_396_cluster_index.mat,1
s_397_feature.mat,s_397_cluster_index.mat,1
s_398_feature.mat,s_398_cluster_index.mat,2
s_399_feature.mat,s_399_cluster_index.mat,1
s_400_feature.mat,s_400_cluster_index.mat,1
s_401_feature.mat,s_401_cluster_index.mat,1
s_402_feature.mat,s_402_cluster_index.mat,2
s_403_feature.mat,s_403_cluster_index.mat,1
s_404_feature.mat,s_404_cluster_index.mat,1
s_405_feature.mat,s_405_cluster_index.mat,1
s_406_feature.mat,s_406_cluster_index.mat,2
s_407_feature.mat,s_407_cluster_index.mat,2
s_408_feature.mat,s_408_cluster_index.mat,2
s_409_feature.mat,s_409_cluster_index.mat,2
s_410_feature.mat,s_410_cluster_index.mat,2
s_411_feature.mat,s_411_cluster_index.mat,2
s_412_feature.mat,s_412_cluster_index.mat,1
s_413_feature.mat,s_413_cluster_index.mat,2
s_414_feature.mat,s_414_cluster_index.mat,2
s_415_feature.mat,s_415_cluster_index.mat,1
s_416_feature.mat,s_416_cluster_index.mat,2
s_417_feature.mat,s_417_cluster_index.mat,2
s_418_feature.mat,s_418_cluster_index.mat,2
s_419_feature.mat,s_419_cluster_index.mat,1
s_420_feature.mat,s_420_cluster_index.mat,2
s_421_feature.mat,s_421_cluster_index.mat,1
s_422_feature.mat,s_422_cluster_index.mat,1
s_423_feature.mat,s_423_cluster_index.mat,1
s_424_feature.mat,s_424_cluster_index.mat,2
s_425_feature.mat,s_425_cluster_index.mat,1
s_426_feature.mat,s_426_cluster_index.mat,2
s_428_feature.mat,s_428_cluster_index.mat,1
s_429_feature.mat,s_429_cluster_index.mat,2
s_430_feature.mat,s_430_cluster_index.mat,2
s_431_feature.mat,s_431_cluster_index.mat,2
s_432_feature.mat,s_432_cluster_index.mat,2
s_433_feature.mat,s_433_cluster_index.mat,2
s_434_feature.mat,s_434_cluster_index.mat,2
s_435_feature.mat,s_435_cluster_index.mat,1
s_436_feature.mat,s_436_cluster_index.mat,1
s_437_feature.mat,s_437_cluster_index.mat,2
s_438_feature.mat,s_438_cluster_index.mat,2
s_439_feature.mat,s_439_cluster_index.mat,2
s_440_feature.mat,s_440_cluster_index.mat,1
s_441_feature.mat,s_441_cluster_index.mat,2
s_442_feature.mat,s_442_cluster_index.mat,1
s_443_feature.mat,s_443_cluster_index.mat,2
s_444_feature.mat,s_444_cluster_index.mat,1
s_445_feature.mat,s_445_cluster_index.mat,2
s_446_feature.mat,s_446_cluster_index.mat,1
s_447_feature.mat,s_447_cluster_index.mat,1
s_448_feature.mat,s_448_cluster_index.mat,1
s_449_feature.mat,s_449_cluster_index.mat,2
s_450_feature.mat,s_450_cluster_index.mat,2
s_451_feature.mat,s_451_cluster_index.mat,2
s_452_feature.mat,s_452_cluster_index.mat,1
s_453_feature.mat,s_453_cluster_index.mat,2
s_454_feature.mat,s_454_cluster_index.mat,2
s_455_feature.mat,s_455_cluster_index.mat,1
s_456_feature.mat,s_456_cluster_index.mat,2
s_457_feature.mat,s_457_cluster_index.mat,1
s_458_feature.mat,s_458_cluster_index.mat,2
s_459_feature.mat,s_459_cluster_index.mat,2
s_460_feature.mat,s_460_cluster_index.mat,1
s_462_feature.mat,s_462_cluster_index.mat,1
s_463_feature.mat,s_463_cluster_index.mat,1
s_464_feature.mat,s_464_cluster_index.mat,1
s_465_feature.mat,s_465_cluster_index.mat,2
s_466_feature.mat,s_466_cluster_index.mat,2
s_467_feature.mat,s_467_cluster_index.mat,2
s_468_feature.mat,s_468_cluster_index.mat,1
s_469_feature.mat,s_469_cluster_index.mat,1
s_470_feature.mat,s_470_cluster_index.mat,2
s_471_feature.mat,s_471_cluster_index.mat,2
s_472_feature.mat,s_472_cluster_index.mat,1
s_473_feature.mat,s_473_cluster_index.mat,2
s_474_feature.mat,s_474_cluster_index.mat,1
s_475_feature.mat,s_475_cluster_index.mat,2
s_476_feature.mat,s_476_cluster_index.mat,2
s_477_feature.mat,s_477_cluster_index.mat,2
s_478_feature.mat,s_478_cluster_index.mat,1
s_479_feature.mat,s_479_cluster_index.mat,2
s_480_feature.mat,s_480_cluster_index.mat,1
s_481_feature.mat,s_481_cluster_index.mat,1
s_482_feature.mat,s_482_cluster_index.mat,2
s_483_feature.mat,s_483_cluster_index.mat,1
s_484_feature.mat,s_484_cluster_index.mat,2
s_485_feature.mat,s_485_cluster_index.mat,1
s_486_feature.mat,s_486_cluster_index.mat,1
s_487_feature.mat,s_487_cluster_index.mat,2
s_488_feature.mat,s_488_cluster_index.mat,1
s_489_feature.mat,s_489_cluster_index.mat,1
s_490_feature.mat,s_490_cluster_index.mat,2
s_491_feature.mat,s_491_cluster_index.mat,1
s_492_feature.mat,s_492_cluster_index.mat,1
s_493_feature.mat,s_493_cluster_index.mat,1
s_494_feature.mat,s_494_cluster_index.mat,2
s_495_feature.mat,s_495_cluster_index.mat,2
s_496_feature.mat,s_496_cluster_index.mat,1
s_497_feature.mat,s_497_cluster_index.mat,1
s_498_feature.mat,s_498_cluster_index.mat,1
s_499_feature.mat,s_499_cluster_index.mat,2
s_500_feature.mat,s_500_cluster_index.mat,1
